,par,err
0,-1.9199217633407857,0.03787664773846822
1,0.009426931422195828,5.438470493372951e-05
2,-3.7323861550189603e-06,2.5281272234135005e-08
3,9.31644340278133e-10,3.800149669816085e-12
