,par,err
0,0.6070559414493251,0.013114956161711374
1,0.004195772742211642,1.8830943583123018e-05
2,-1.9327945976972412e-06,8.753751646210937e-09
3,5.127116156320837e-10,1.315818505423729e-12
