,par,err
0,-1.3296881212137515,0.037178059729523774
1,0.008523278165659148,5.338164578435164e-05
2,-3.2700930896782532e-06,2.481498879991615e-08
3,8.530787576493197e-10,3.730060152245383e-12
