,par,err
0,1.6780540960682988,0.00844295458118755
1,0.0017536240951715868,1.2122709456702933e-05
2,-8.728510072222235e-07,5.635362177495975e-09
3,2.770114435263023e-10,8.470783814449036e-13
