,par,err
0,1.6788954834433614,0.007927186860437294
1,0.0017412686908287016,1.1382150881264638e-05
2,-8.605702401907285e-07,5.291106202683672e-09
3,2.7417872219017803e-10,7.953316264386314e-13
