,par,err
0,-4.754889467398165,0.12085440221205945
1,0.014933648094415206,0.00017352726371219892
2,-5.2963181894876684e-06,8.066587572471092e-08
3,1.3411331490303122e-09,1.2125275714423183e-11
