,par,err
0,-3.261149983860286,0.1599336715839808
1,0.012641968231601474,0.00022963873765176308
2,-4.246851127932631e-06,1.0674985224247303e-07
3,1.2049170658266866e-09,1.6046083614510703e-11
