,par,err
0,-0.9169075652216033,0.02965414502686911
1,0.00723988403080332,4.257852592587668e-05
2,-2.9424682094915395e-06,1.979305136684276e-08
3,7.369156736293553e-10,2.975188860698889e-12
