,par,err
0,0.6943731776002365,0.016800125646439353
1,0.004065389503872067,2.4122246295032665e-05
2,-1.8674266764147576e-06,1.1213465764990129e-08
3,5.019585696607738e-10,1.685549873437218e-12
