,par,err
0,2.1496303281866567,0.006218373767959133
1,0.0007731272354826,8.928573265973005e-06
2,-3.987772035407309e-07,4.15053622014553e-09
3,1.7643461547456656e-10,6.238870655132349e-13
