,par,err
0,1.7668598279426386,0.0070008591620670324
1,0.0016165972800176744,1.0052094836010716e-05
2,-8.044969391237483e-07,4.672816331719955e-09
3,2.659977653038719e-10,7.02393477339692e-13
