,par,err
0,-1.307909153384069,0.031071992381925154
1,0.007848808083817512,4.461432712488641e-05
2,-3.2604724179028945e-06,2.0739414205079277e-08
3,7.911902366798644e-10,3.117441087167009e-12
