,par,err
0,1.9790725207090218,0.005797634427358754
1,0.001017783377483683,8.324459714740993e-06
2,-5.120117039386315e-07,3.869707920260526e-09
3,1.9338751547670143e-10,5.816743861202604e-13
