,par,err
0,1.149942908001959,0.010487504591236454
1,0.0028875435777365194,1.5058350894291038e-05
2,-1.382352562711016e-06,7.000024459190962e-09
3,3.869934186608625e-10,1.0522073545758098e-12
