,par,err
0,1.8288227405236754,0.008175857513270041
1,0.0015237496843892046,1.173920142837935e-05
2,-7.594376397359253e-07,5.4570846750875684e-09
3,2.59144803475561e-10,8.202806396932007e-13
