,par,err
0,3.2326330672395054,0.14340740906529767
1,0.003353878273812827,0.00020590931183908298
2,3.414230529840785e-08,9.57188021572223e-08
3,5.694962147499501e-10,1.438793016035937e-11
