,par,err
0,2.064509494097978,0.005485534849011587
1,0.0008993966456011623,7.87633576495261e-06
2,-4.596408595275017e-07,3.661393132561654e-09
3,1.8584521320651976e-10,5.503616098886827e-13
