,par,err
0,1.1683788496204166,0.13966027639301307
1,0.005906665906540212,0.000200529437678386
2,-9.799432981231775e-07,9.321810471091917e-08
3,7.049339707779903e-10,1.4012061436754536e-11
