,par,err
0,0.44219676966155824,0.015327232303940749
1,0.004429600096578095,2.2007410461882874e-05
2,-2.032455802536643e-06,1.0230362558793158e-08
3,5.249430054866481e-10,1.537774790797461e-12
