,par,err
0,1.1041685610732084,0.009939558388066271
1,0.002966731736386333,1.4271588933258206e-05
2,-1.4228957142443212e-06,6.634290194135537e-09
3,3.9271051169949316e-10,9.972320657551994e-13
