,par,err
0,2.0672170031199544,0.00641061976109584
1,0.0008853303253160116,9.204607347080907e-06
2,-4.472956161825741e-07,4.278853417745747e-09
3,1.8291721710128177e-10,6.431750325116911e-13
