,par,err
0,-1.3373303878815337,0.0319181947162178
1,0.00784505268261467,4.582933600830367e-05
2,-3.224030181632188e-06,2.1304223012909108e-08
3,7.777441688662357e-10,3.2023401607916357e-12
