,par,err
0,1.3946652248258338,0.010729560243171619
1,0.002547043706616989,1.5405903112271038e-05
2,-1.228008986422601e-06,7.161587521572789e-09
3,3.6419791337489275e-10,1.0764926569549448e-12
