,par,err
0,1.7381580304613817,0.006895296050587008
1,0.0016588099468110254,9.90052348453394e-06
2,-8.243389607219429e-07,4.602356906886064e-09
3,2.6908318422017324e-10,6.918023977902252e-13
