,par,err
0,-0.903760129396571,0.12820844072026436
1,0.0092090448406841,0.00018408646623265567
2,-2.6222447787096722e-06,8.557442659372518e-08
3,9.551204288145302e-10,1.2863103520472592e-11
