,par,err
0,-1.462340286553203,0.03394036935202251
1,0.00875804874260905,4.8732844090865584e-05
2,-3.4088934937671473e-06,2.2653945013054615e-08
3,8.79791630892358e-10,3.40522311194574e-12
