,par,err
0,1.2273404587838084,0.009196203545745426
1,0.00278488788471825,1.32042525150257e-05
2,-1.3375017372779735e-06,6.1381282798541804e-09
3,3.803771284310761e-10,9.226515706300842e-13
