,par,err
0,0.6247576361528028,0.013348490211778589
1,0.004168220036304494,1.916626198188246e-05
2,-1.9158870520264674e-06,8.909628512714152e-09
3,5.091550790813683e-10,1.3392492011724357e-12
